text,emotion
Right now I am outraged by the rude service right now,angry
"Well, I feel gloomy and tired of everything",sad
"Right now, the meeting is scheduled for the afternoon these days.",neutral
Lately I feel down and discouraged.,sad
Today life is beautiful and I am so glad again,happy
Right now I walked to the office this morning right now,neutral
I am really angry because you lied to me these days.,angry
"Honestly, I am so happy today at the moment.",happy
Lately I can not stand this nonsense anymore at the moment.,angry
"Lately it hurts so much, I just want to cry at the moment.",sad
Lately I am overjoyed to see my friends again.,happy
"Right now, I am updating the document right now right now.",neutral
Right now we won the match and I am over the moon these days.,happy
Right now this makes my blood boil right now,angry
I am disappointed with my poor results these days.,sad
Today everything feels amazing and I am smiling all day at the moment,happy
"Well, this is the best day of my life again.",happy
The library opens at nine in the morning at the moment,neutral
Today that driver made me so angry at the moment,angry
I feel lucky and blessed again.,happy
Lately I am not sure what to think about it these days.,neutral
Lately I am outraged by the rude service at the moment.,angry
Right now life is beautiful and I am so glad this week,happy
"Honestly, I am so frustrated and angry with this delay this week",angry
Right now we won the match and I am over the moon at the moment.,happy
"You know, I failed the exam and I feel hopeless right now",sad
Today I am heartbroken and crying.,sad
"Honestly, the package should arrive on Wednesday at the moment",neutral
"Well, the package should arrive on Wednesday",neutral
Lately the package should arrive on Wednesday this week.,neutral
"Right now, what a fantastic surprise, I love it at the moment",happy
"Well, I am grieving and cannot stop crying at the moment.",sad
"Well, I walked to the office this morning.",neutral
"Well, stop shouting at me, I am very irritated right now.",angry
I am fed up with all these excuses at the moment.,angry
"Well, I am heartbroken and crying",sad
"Right now, I am so excited about the trip again",happy
"Well, how dare you speak to me like that",angry
"You know, the train arrives at platform number three right now",neutral
The report contains five sections.,neutral
"You know, what a fantastic surprise, I love it.",happy
"Lately stop shouting at me, I am very irritated at the moment",angry
"It hurts so much, I just want to cry.",sad
"Today stop shouting at me, I am very irritated.",angry
Right now I am so excited about the trip,happy
Lately I don't know how I feel about this.,neutral
"Honestly, I am depressed and nothing feels good at the moment.",sad
I am depressed and nothing feels good right now,sad
Right now I am grieving and cannot stop crying these days.,sad
"You know, I am so excited about the trip right now",happy
"Well, nobody called me and I feel abandoned right now.",sad
"Well, I have a lecture on computer networks this week.",neutral
"Well, I feel sorrow and pain today this week",sad
Today I feel delighted and grateful,happy
"Honestly, stop shouting at me, I am very irritated these days",angry
"You know, I am so frustrated and angry with this delay at the moment.",angry
"Honestly, this is ridiculous and I am really mad right now",angry
Lately I failed the exam and I feel hopeless these days,sad
Lately I am heartbroken and crying again,sad
"Right now, I walked to the office this morning.",neutral
Today I am going to the market to buy vegetables at the moment,neutral
Today the shop is next to the bus stop these days.,neutral
"Right now, I feel terrible and so lonely these days",sad
"Well, life is beautiful and I am so glad again",happy
I am going to the market to buy vegetables this week.,neutral
"Well, the class has thirty students again",neutral
"Well, I failed the exam and I feel hopeless",sad
"Honestly, I am fed up with all these excuses at the moment.",angry
Today I had a great time and I am very happy at the moment,happy
The shop is next to the bus stop this week,neutral
"Well, I am really angry because you lied to me at the moment.",angry
I feel delighted and grateful these days,happy
I miss my family and feel miserable right now,sad
"You know, the train arrives at platform number three these days",neutral
I am grieving and cannot stop crying.,sad
Right now I am angry that you broke your promise right now,angry
Today I need to submit the assignment by Friday.,neutral
Today I am unhappy and feel completely alone these days.,sad
Right now I am angry that you broke your promise at the moment.,angry
Right now everything feels amazing and I am smiling all day right now,happy
Lately we won the match and I am over the moon right now.,happy
Today today is Monday and I have a class at ten o'clock right now.,neutral
I feel terrible and so lonely.,sad
"Honestly, I am grieving and cannot stop crying these days",sad
"Well, the class has thirty students these days",neutral
"You know, I am extremely angry at their behaviour this week",angry
I am sad that the holidays are over these days.,sad
"Right now, that news made me really excited again.",happy
Right now I miss my family and feel miserable at the moment.,sad
Today today is Monday and I have a class at ten o'clock this week.,neutral
I failed the exam and I feel hopeless right now.,sad
"Honestly, the train arrives at platform number three.",neutral
I had a great time and I am very happy these days.,happy
"Right now, I am disappointed with my poor results right now.",sad
"Honestly, I feel gloomy and tired of everything at the moment",sad
"Right now, the train arrives at platform number three",neutral
I am so proud of what we achieved again,happy
I am unhappy and feel completely alone.,sad
Today I feel down and discouraged again,sad
"Right now, I am depressed and nothing feels good.",sad
I am thrilled with how things turned out this week,happy
Lately I lost my best friend and I am devastated again,sad
"Well, I regret everything and feel so low at the moment.",sad
"Well, I am really pleased with my results.",happy
"You know, it hurts so much, I just want to cry these days",sad
"Honestly, I am extremely happy because I got excellent results this week.",happy
"Honestly, I feel wonderful and full of joy.",happy
Right now I miss my family and feel miserable right now.,sad
Today we won the match and I am over the moon right now.,happy
Today today is Monday and I have a class at ten o'clock these days,neutral
Today nobody called me and I feel abandoned,sad
"Right now, the package should arrive on Wednesday",neutral
Today I am sad that the holidays are over right now.,sad
"Right now, the class has thirty students again.",neutral
"Well, I am updating the document right now these days.",neutral
The shop is next to the bus stop again.,neutral
"Honestly, the library opens at nine in the morning.",neutral
"Honestly, I feel very sad and disappointed these days.",sad
"Honestly, this makes my blood boil right now",angry
"Right now, I am so excited about the trip at the moment.",happy
Lately life is beautiful and I am so glad these days,happy
"Well, I hate this, it makes me furious right now.",angry
"Well, that news made me really excited again",happy
"Right now, I am really pleased with my results this week",happy
"Well, the report contains five sections these days.",neutral
Right now I love this wonderful experience these days,happy
Right now we won the match and I am over the moon,happy
"You know, stop shouting at me, I am very irritated right now.",angry
"Well, I am so frustrated and angry with this delay right now",angry
"You know, what a fantastic surprise, I love it right now",happy
Right now the shop is next to the bus stop right now.,neutral
"Right now, I am not sure what to think about it.",neutral
"Well, I am so proud of what we achieved right now.",happy
"Honestly, the package should arrive on Wednesday this week.",neutral
Right now the class has thirty students this week.,neutral
"You know, I am so proud of what we achieved",happy
This is so depressing and I feel awful,sad
I am disappointed with my poor results,sad
"Well, I feel delighted and grateful again",happy
Today I despise the way they cheated us right now,angry
Today I feel gloomy and tired of everything,sad
"Well, I miss my family and feel miserable.",sad
"Right now, I feel empty and sorrowful.",sad
Right now that news made me really excited again,happy
"Honestly, the train arrives at platform number three this week.",neutral
"Right now, I feel very sad and disappointed right now.",sad
Lately I feel cheerful and full of energy right now,happy
I am not sure what to think about it at the moment,neutral
"You know, what a fantastic surprise, I love it again",happy
"Right now, we won the match and I am over the moon this week",happy
"Honestly, stop shouting at me, I am very irritated again",angry
Lately I am extremely happy because I got excellent results right now,happy
"You know, you broke my phone and I am furious this week",angry
Lately that news made me really excited.,happy
Right now you broke my phone and I am furious again.,angry
"Right now, I am angry that you broke your promise right now.",angry
"Honestly, this is unacceptable and I am so mad at the moment",angry
"Honestly, I love this wonderful experience these days.",happy
The weather report says it is cloudy again,neutral
"Honestly, the weather report says it is cloudy right now.",neutral
"You know, we will discuss the project plan tomorrow at the moment.",neutral
Lately you broke my phone and I am furious these days.,angry
"Well, I have a lecture on computer networks right now.",neutral
I feel sorrow and pain today.,sad
"Right now, I had a great time and I am very happy these days",happy
"Honestly, I despise the way they cheated us",angry
Lately I don't know how I feel about this these days.,neutral
Lately this is so depressing and I feel awful,sad
"Honestly, I hate being treated this badly",angry
"Right now, I feel very sad and disappointed.",sad
"Well, I lost my best friend and I am devastated again.",sad
Right now the report contains five sections.,neutral
Today I am so excited about the trip.,happy
"Well, this is the best day of my life right now",happy
"You know, nobody called me and I feel abandoned at the moment",sad
"Honestly, I am so happy today these days",happy
Life is beautiful and I am so glad this week.,happy
Lately I feel delighted and grateful,happy
Today I regret everything and feel so low this week,sad
Lately I feel wonderful and full of joy this week,happy
Today I am angry that you broke your promise,angry
"Honestly, I usually have lunch at one o'clock right now",neutral
"Honestly, I lost my best friend and I am devastated",sad
"Right now, the class has thirty students this week.",neutral
Lately I am so excited about the trip these days,happy
Today we will discuss the project plan tomorrow,neutral
Today today is Monday and I have a class at ten o'clock again,neutral
Today the shop is next to the bus stop again.,neutral
"You know, I am grieving and cannot stop crying.",sad
"Honestly, I am overjoyed to see my friends again at the moment",happy
"You know, I love this wonderful experience",happy
"What a fantastic surprise, I love it right now",happy
"Today I hate this, it makes me furious these days.",angry
"Right now it hurts so much, I just want to cry.",sad
"Well, I failed the exam and I feel hopeless again.",sad
Today we will discuss the project plan tomorrow again,neutral
I feel delighted and grateful this week,happy
Today I am so excited about the trip at the moment,happy
"Well, you broke my phone and I am furious right now",angry
This is the best day of my life right now,happy
"Honestly, I am livid about this unfair decision at the moment.",angry
Lately my heart feels heavy and I am very upset,sad
"You know, my heart feels heavy and I am very upset.",sad
"Well, the library opens at nine in the morning at the moment.",neutral
"You know, this is the best day of my life at the moment",happy
"You know, I am fed up with all these excuses this week",angry
Lately I am unhappy and feel completely alone.,sad
Lately I am enraged that nobody listened at the moment.,angry
"Right now, this is unacceptable and I am so mad.",angry
"Honestly, this makes my blood boil these days",angry
Today I feel wonderful and full of joy again.,happy
"You know, the report contains five sections this week",neutral
Right now I regret everything and feel so low.,sad
Everything feels amazing and I am smiling all day.,happy
Right now the shop is next to the bus stop again.,neutral
"You know, the shop is next to the bus stop.",neutral
"Right now, we won the match and I am over the moon right now.",happy
"Honestly, I am updating the document right now at the moment.",neutral
Right now my heart feels heavy and I am very upset these days,sad
"You know, this is so depressing and I feel awful these days.",sad
"You know, I am so excited about the trip again.",happy
"Honestly, I am heartbroken and crying at the moment.",sad
Right now I am so proud of what we achieved right now,happy
"You know, I regret everything and feel so low",sad
Today I am depressed and nothing feels good this week,sad
Today I am so proud of what we achieved at the moment,happy
Lately I feel delighted and grateful these days.,happy
"Right now, it hurts so much, I just want to cry this week.",sad
I feel empty and sorrowful this week,sad
"You know, I am so happy today.",happy
"Well, I feel delighted and grateful this week",happy
"Well, I need to submit the assignment by Friday at the moment",neutral
"You know, this gift made me incredibly happy this week.",happy
Right now that news made me really excited these days.,happy
Lately the weather report says it is cloudy right now.,neutral
"Right now, life is beautiful and I am so glad at the moment.",happy
Lately I walked to the office this morning.,neutral
"Well, I feel gloomy and tired of everything at the moment",sad
"Honestly, everything feels amazing and I am smiling all day.",happy
Lately I despise the way they cheated us again,angry
Right now I am so proud of what we achieved at the moment,happy
Right now that driver made me so angry at the moment.,angry
Right now this gift made me incredibly happy right now,happy
Right now today is Monday and I have a class at ten o'clock again.,neutral
Right now we will discuss the project plan tomorrow,neutral
"Well, I am reading a chapter about history right now",neutral
"Right now, the package should arrive on Wednesday at the moment.",neutral
"Honestly, I failed the exam and I feel hopeless this week",sad
"Honestly, nobody called me and I feel abandoned these days",sad
Today this is so depressing and I feel awful at the moment,sad
"Well, I am so frustrated and angry with this delay at the moment.",angry
"Honestly, I feel very sad and disappointed at the moment",sad
"Well, the library opens at nine in the morning these days",neutral
Today that news made me really excited this week,happy
"Well, nobody called me and I feel abandoned again.",sad
Lately I walked to the office this morning this week.,neutral
Today the package should arrive on Wednesday at the moment.,neutral
"Stop shouting at me, I am very irritated",angry
Today I am sad that the holidays are over.,sad
"Honestly, life is beautiful and I am so glad.",happy
Right now the library opens at nine in the morning right now,neutral
"Right now, life is beautiful and I am so glad these days.",happy
Right now I am enraged that nobody listened.,angry
Right now the meeting is scheduled for the afternoon right now.,neutral
"Today I hate this, it makes me furious",angry
"Honestly, I am fed up with all these excuses again",angry
"Honestly, I am so excited about the trip.",happy
"Right now, I feel empty and sorrowful again",sad
"Right now, I had a great time and I am very happy right now",happy
"Right now, I hate this, it makes me furious.",angry
"You know, I regret everything and feel so low.",sad
I am unhappy and feel completely alone right now.,sad
"You know, I am depressed and nothing feels good this week",sad
"Well, the class has thirty students",neutral
Right now I feel cheerful and full of energy right now.,happy
"Well, I am updating the document right now right now",neutral
Today you broke my phone and I am furious these days,angry
"Right now, the report contains five sections again.",neutral
Lately I am grieving and cannot stop crying again.,sad
"Right now, I am disappointed with my poor results.",sad
"Right now what a fantastic surprise, I love it at the moment",happy
Lately my heart feels heavy and I am very upset again,sad
"Well, I feel empty and sorrowful",sad
The library opens at nine in the morning again.,neutral
"You know, that driver made me so angry at the moment",angry
"Right now, stop shouting at me, I am very irritated these days",angry
Lately I am unhappy and feel completely alone right now.,sad
"Honestly, I am livid about this unfair decision right now.",angry
"Right now, I am reading a chapter about history right now",neutral
Right now I am unhappy and feel completely alone.,sad
"Well, today is Monday and I have a class at ten o'clock this week",neutral
Lately the shop is next to the bus stop at the moment.,neutral
"Right now, I feel cheerful and full of energy this week",happy
"Right now, the report contains five sections",neutral
"You know, the library opens at nine in the morning.",neutral
"Well, I am sad that the holidays are over.",sad
Lately this gift made me incredibly happy right now.,happy
Lately this is ridiculous and I am really mad at the moment,angry
"Right now, we won the match and I am over the moon.",happy
Lately I regret everything and feel so low.,sad
"You know, I miss my family and feel miserable again",sad
"You know, I can not stand this nonsense anymore at the moment.",angry
Nobody called me and I feel abandoned.,sad
"Well, I feel down and discouraged at the moment",sad
Lately this is ridiculous and I am really mad again,angry
Lately I usually have lunch at one o'clock right now.,neutral
Right now I am disappointed with my poor results,sad
"Honestly, I am sick of being ignored and I am annoyed",angry
Lately I hate being treated this badly,angry
"Right now, I despise the way they cheated us",angry
"Today what a fantastic surprise, I love it at the moment",happy
Today this is ridiculous and I am really mad these days.,angry
"Right now, I am updating the document right now.",neutral
Right now I feel wonderful and full of joy again,happy
"You know, I am so excited about the trip.",happy
"You know, I feel wonderful and full of joy these days",happy
"Honestly, I am heartbroken and crying these days",sad
"Well, this is ridiculous and I am really mad",angry
I am fed up with all these excuses.,angry
"Right now, I feel cheerful and full of energy these days",happy
Right now I am going to the market to buy vegetables at the moment.,neutral
Right now I am unhappy and feel completely alone,sad
Right now I am unhappy and feel completely alone these days,sad
"Right now, the weather report says it is cloudy this week",neutral
This makes my blood boil again,angry
"You know, life is beautiful and I am so glad this week.",happy
"You know, what a fantastic surprise, I love it these days.",happy
Lately I regret everything and feel so low at the moment.,sad
"Honestly, today is Monday and I have a class at ten o'clock.",neutral
"Well, I love this wonderful experience at the moment",happy
I can not stand this nonsense anymore at the moment,angry
Today I am sick of being ignored and I am annoyed these days.,angry
The shop is next to the bus stop right now,neutral
Lately I am depressed and nothing feels good these days,sad
Lately I am heartbroken and crying.,sad
"Honestly, I hate being treated this badly this week.",angry
Today I will drink some tea and read a book at the moment.,neutral
Today I feel sorrow and pain today at the moment,sad
"You know, I had a great time and I am very happy again.",happy
"Right now, stop shouting at me, I am very irritated at the moment",angry
"Honestly, this makes my blood boil at the moment",angry
I am outraged by the rude service this week.,angry
"Honestly, the weather report says it is cloudy again.",neutral
Right now I am updating the document right now.,neutral
"Right now, I feel wonderful and full of joy again",happy
"Well, I am sad that the holidays are over again.",sad
"You know, I feel very sad and disappointed these days.",sad
"You know, I am not sure what to think about it right now",neutral
Today everything feels amazing and I am smiling all day these days.,happy
Today I am sick of being ignored and I am annoyed right now.,angry
"Well, I feel lucky and blessed again.",happy
"You know, I feel gloomy and tired of everything these days",sad
Right now I am unhappy and feel completely alone at the moment.,sad
"Honestly, this gift made me incredibly happy",happy
Lately this is unacceptable and I am so mad at the moment,angry
"You know, that news made me really excited",happy
"Honestly, we won the match and I am over the moon these days",happy
"You know, I feel empty and sorrowful again",sad
"Well, I despise the way they cheated us these days",angry
"Honestly, I walked to the office this morning at the moment.",neutral
"Right now, this is so depressing and I feel awful right now.",sad
"Honestly, this gift made me incredibly happy right now",happy
"Right now, everything feels amazing and I am smiling all day these days",happy
"You know, we will discuss the project plan tomorrow right now",neutral
"You know, I hate being treated this badly at the moment.",angry
"Well, I need to submit the assignment by Friday these days",neutral
Lately I am updating the document right now this week.,neutral
This is ridiculous and I am really mad these days,angry
"Well, I feel terrible and so lonely again.",sad
Today I hate being treated this badly this week,angry
"Right now, I hate this, it makes me furious",angry
Right now I failed the exam and I feel hopeless,sad
"You know, we won the match and I am over the moon.",happy
Right now I am angry that you broke your promise.,angry
Right now nobody called me and I feel abandoned this week,sad
Lately I am grieving and cannot stop crying.,sad
"Honestly, this is ridiculous and I am really mad.",angry
"You know, I feel lucky and blessed right now",happy
"Honestly, I feel gloomy and tired of everything.",sad
"Today it hurts so much, I just want to cry again",sad
Today I am fed up with all these excuses these days.,angry
"Honestly, I am thrilled with how things turned out these days",happy
"Right now, I am so excited about the trip these days.",happy
Lately I am reading a chapter about history these days.,neutral
"Honestly, you broke my phone and I am furious at the moment.",angry
I am thrilled with how things turned out at the moment.,happy
Right now I feel sorrow and pain today right now,sad
Lately I am so frustrated and angry with this delay,angry
"Right now, I am livid about this unfair decision right now",angry
I feel very sad and disappointed,sad
Today I am thrilled with how things turned out,happy
"Honestly, I had a great time and I am very happy.",happy
Today I am heartbroken and crying at the moment,sad
"You know, this is ridiculous and I am really mad these days.",angry
Right now I despise the way they cheated us again,angry
I am so excited about the trip,happy
Lately the package should arrive on Wednesday again.,neutral
I will drink some tea and read a book this week.,neutral
Lately I am really pleased with my results at the moment,happy
"You know, I am so excited about the trip at the moment.",happy
Right now the meeting is scheduled for the afternoon again.,neutral
Lately everything feels amazing and I am smiling all day,happy
Right now I am so happy today right now.,happy
"Today I hate this, it makes me furious right now",angry
"Right now, I am heartbroken and crying right now",sad
"You know, I miss my family and feel miserable these days.",sad
"Well, I am unhappy and feel completely alone this week",sad
"Right now, I don't know how I feel about this this week.",neutral
"Well, I can not stand this nonsense anymore right now.",angry
I hate being treated this badly at the moment.,angry
Today I lost my best friend and I am devastated again,sad
"You know, I am angry that you broke your promise again",angry
"Right now, this is so depressing and I feel awful at the moment.",sad
"Well, I don't know how I feel about this right now.",neutral
"You know, I am not sure what to think about it at the moment.",neutral
"Right now, I am really angry because you lied to me",angry
Right now the train arrives at platform number three these days,neutral
"Right now, I am grieving and cannot stop crying right now.",sad
"Right now, I am not sure what to think about it at the moment",neutral
"You know, this makes my blood boil",angry
"Right now, this is unacceptable and I am so mad these days",angry
"Honestly, I am going to the market to buy vegetables this week.",neutral
"Right now, the meeting is scheduled for the afternoon this week",neutral
"Honestly, we will discuss the project plan tomorrow this week",neutral
I miss my family and feel miserable these days.,sad
Lately I have a lecture on computer networks this week.,neutral
Lately I am sick of being ignored and I am annoyed at the moment,angry
"Right now, I hate being treated this badly these days",angry
Right now you broke my phone and I am furious right now.,angry
"Well, I am going to the market to buy vegetables this week",neutral
Lately this makes my blood boil at the moment,angry
Lately I am unhappy and feel completely alone at the moment,sad
"Honestly, I am sick of being ignored and I am annoyed at the moment",angry
"Well, I am enraged that nobody listened",angry
"You know, I feel terrible and so lonely",sad
Everything feels amazing and I am smiling all day right now,happy
"Honestly, I had a great time and I am very happy at the moment",happy
Today I am overjoyed to see my friends again again,happy
"Right now, the package should arrive on Wednesday these days",neutral
My heart feels heavy and I am very upset this week.,sad
Today I am livid about this unfair decision.,angry
Today I am extremely happy because I got excellent results at the moment.,happy
"Well, I am grieving and cannot stop crying this week",sad
Today I am enraged that nobody listened.,angry
"Right now, this gift made me incredibly happy.",happy
"You know, I am going to the market to buy vegetables.",neutral
I feel terrible and so lonely right now,sad
Lately I feel empty and sorrowful these days.,sad
Right now I despise the way they cheated us at the moment.,angry
Right now the report contains five sections this week,neutral
"Well, I lost my best friend and I am devastated these days",sad
"Well, I am grieving and cannot stop crying right now.",sad
Lately I am extremely angry at their behaviour.,angry
Today I am fed up with all these excuses this week.,angry
"You know, I have a lecture on computer networks right now",neutral
"Honestly, you broke my phone and I am furious again",angry
"Well, I am overjoyed to see my friends again again.",happy
How dare you speak to me like that,angry
Right now nobody called me and I feel abandoned again,sad
Today the meeting is scheduled for the afternoon these days.,neutral
Lately the report contains five sections,neutral
"Right now, I hate this, it makes me furious this week",angry
Right now the package should arrive on Wednesday this week,neutral
"Honestly, I feel empty and sorrowful at the moment.",sad
Today I failed the exam and I feel hopeless this week,sad
"Well, this is ridiculous and I am really mad again",angry
"Right now, the train arrives at platform number three these days",neutral
I am extremely angry at their behaviour again.,angry
Right now I feel delighted and grateful.,happy
"You know, I feel empty and sorrowful this week.",sad
Right now I am depressed and nothing feels good at the moment,sad
Today we will discuss the project plan tomorrow at the moment,neutral
I am not sure what to think about it.,neutral
"Well, I had a great time and I am very happy again",happy
"Honestly, the library opens at nine in the morning again",neutral
"Right now, I failed the exam and I feel hopeless this week.",sad
Lately I lost my best friend and I am devastated at the moment,sad
"Well, I am enraged that nobody listened at the moment.",angry
"You know, I am angry that you broke your promise at the moment",angry
Today I need to submit the assignment by Friday these days,neutral
Today the package should arrive on Wednesday,neutral
"You know, stop shouting at me, I am very irritated at the moment",angry
We won the match and I am over the moon at the moment,happy
"Honestly, I am enraged that nobody listened again.",angry
"Right now, I am disappointed with my poor results again.",sad
"Well, the class has thirty students this week",neutral
Right now the package should arrive on Wednesday.,neutral
"Honestly, I am sick of being ignored and I am annoyed again.",angry
"Right now, I despise the way they cheated us these days",angry
Today everything feels amazing and I am smiling all day this week,happy
I love this wonderful experience this week,happy
"Right now, this is so depressing and I feel awful these days",sad
"You know, I am so frustrated and angry with this delay again.",angry
"Right now, I regret everything and feel so low.",sad
"What a fantastic surprise, I love it this week.",happy
"Right now, I am so frustrated and angry with this delay this week",angry
"You know, I am really pleased with my results at the moment.",happy
Today today is Monday and I have a class at ten o'clock at the moment.,neutral
"Right now, that driver made me so angry at the moment.",angry
"Well, the train arrives at platform number three right now.",neutral
That news made me really excited again,happy
Lately I will drink some tea and read a book these days.,neutral
"You know, I am really angry because you lied to me right now.",angry
"You know, I feel sorrow and pain today these days.",sad
"You know, the shop is next to the bus stop at the moment.",neutral
The report contains five sections these days.,neutral
You broke my phone and I am furious again,angry
I am extremely angry at their behaviour,angry
"Well, this makes my blood boil this week",angry
"You know, I am extremely happy because I got excellent results this week",happy
Lately I had a great time and I am very happy this week.,happy
Lately I will drink some tea and read a book.,neutral
Right now I hate being treated this badly again.,angry
"Right now, how dare you speak to me like that this week",angry
Life is beautiful and I am so glad at the moment,happy
"Right now, we will discuss the project plan tomorrow this week",neutral
Right now I am extremely happy because I got excellent results these days.,happy
Lately I am really angry because you lied to me.,angry
"You know, I feel sorrow and pain today at the moment.",sad
"Well, this is unacceptable and I am so mad at the moment",angry
"Well, I feel sorrow and pain today again.",sad
"Well, my heart feels heavy and I am very upset",sad
"Right now, it hurts so much, I just want to cry.",sad
"Honestly, I am enraged that nobody listened.",angry
Lately I feel terrible and so lonely at the moment.,sad
"Honestly, I am fed up with all these excuses this week",angry
Today I am so frustrated and angry with this delay these days.,angry
"Right now, I need to submit the assignment by Friday these days.",neutral
Today I am updating the document right now again.,neutral
"Well, I feel terrible and so lonely these days.",sad
Lately today is Monday and I have a class at ten o'clock right now.,neutral
Lately I am outraged by the rude service this week.,angry
"You know, I am livid about this unfair decision these days",angry
I am really pleased with my results right now.,happy
"You know, I am livid about this unfair decision.",angry
"Honestly, I am grieving and cannot stop crying again.",sad
"Honestly, I feel delighted and grateful",happy
"Well, I am so frustrated and angry with this delay",angry
"Honestly, I feel gloomy and tired of everything again.",sad
"You know, I am grieving and cannot stop crying right now.",sad
Lately I feel delighted and grateful right now.,happy
"Right now, I feel gloomy and tired of everything at the moment.",sad
I usually have lunch at one o'clock these days.,neutral
"Well, I am so happy today right now",happy
"Well, I am really angry because you lied to me right now.",angry
I am going to the market to buy vegetables right now,neutral
"Right now, I feel terrible and so lonely",sad
"Honestly, I am sad that the holidays are over these days.",sad
"Well, I am thrilled with how things turned out",happy
Today the weather report says it is cloudy this week,neutral
"Honestly, I am extremely angry at their behaviour again.",angry
I need to submit the assignment by Friday this week.,neutral
Right now I don't know how I feel about this this week.,neutral
Lately this is the best day of my life again.,happy
Lately the class has thirty students at the moment.,neutral
"Today I hate this, it makes me furious.",angry
Lately this gift made me incredibly happy these days.,happy
"You know, I am updating the document right now these days",neutral
Today I feel cheerful and full of energy these days,happy
I am thrilled with how things turned out,happy
Today I miss my family and feel miserable right now,sad
"Right now, I usually have lunch at one o'clock",neutral
"You know, I will drink some tea and read a book this week.",neutral
Right now I am so frustrated and angry with this delay,angry
"Right now, I feel terrible and so lonely at the moment.",sad
"Well, I need to submit the assignment by Friday",neutral
"Right now, I am livid about this unfair decision",angry
This is unacceptable and I am so mad,angry
Lately the library opens at nine in the morning,neutral
"Honestly, I am really pleased with my results right now",happy
Right now I am depressed and nothing feels good this week,sad
"You know, I am extremely angry at their behaviour these days.",angry
"Right now, I am fed up with all these excuses",angry
"Today stop shouting at me, I am very irritated right now",angry
Lately I am so frustrated and angry with this delay at the moment.,angry
"You know, I love this wonderful experience right now",happy
"Right now, this is so depressing and I feel awful again.",sad
Lately this makes my blood boil this week,angry
Today life is beautiful and I am so glad right now,happy
"Honestly, I feel terrible and so lonely again.",sad
I am so frustrated and angry with this delay this week.,angry
Lately the weather report says it is cloudy at the moment,neutral
"Honestly, I walked to the office this morning right now",neutral
Lately this makes my blood boil right now.,angry
Today I walked to the office this morning these days.,neutral
"Honestly, I feel down and discouraged.",sad
Right now I am so excited about the trip this week,happy
"Honestly, the train arrives at platform number three right now.",neutral
Today I am updating the document right now right now,neutral
Today I am outraged by the rude service again.,angry
Today I am so frustrated and angry with this delay at the moment,angry
Right now I am really angry because you lied to me at the moment.,angry
Lately I am overjoyed to see my friends again this week,happy
Lately this gift made me incredibly happy at the moment,happy
Today this gift made me incredibly happy.,happy
"Right now, the meeting is scheduled for the afternoon again.",neutral
Lately the class has thirty students again.,neutral
"Well, I am sick of being ignored and I am annoyed again.",angry
Today I walked to the office this morning at the moment.,neutral
"Well, I am enraged that nobody listened.",angry
"You know, today is Monday and I have a class at ten o'clock",neutral
"Honestly, I am overjoyed to see my friends again this week.",happy
Right now I am really angry because you lied to me again,angry
Right now this is so depressing and I feel awful again.,sad
"Right now, I am so frustrated and angry with this delay at the moment",angry
Right now I am fed up with all these excuses these days.,angry
Right now I am extremely angry at their behaviour.,angry
"Right now, I failed the exam and I feel hopeless.",sad
"Right now, today is Monday and I have a class at ten o'clock at the moment.",neutral
I feel cheerful and full of energy right now.,happy
"Well, I walked to the office this morning right now",neutral
"Right now, that news made me really excited",happy
Today I feel wonderful and full of joy right now,happy
"Well, I love this wonderful experience again",happy
I am really pleased with my results at the moment,happy
"Right now, I am so happy today.",happy
I am thrilled with how things turned out right now,happy
Right now I am updating the document right now again,neutral
I can not stand this nonsense anymore these days.,angry
"Well, stop shouting at me, I am very irritated these days",angry
"Honestly, I usually have lunch at one o'clock these days",neutral
"Honestly, I feel terrible and so lonely this week",sad
"Well, I am really pleased with my results again",happy
"You know, I despise the way they cheated us right now",angry
Lately I feel gloomy and tired of everything.,sad
"Honestly, I am grieving and cannot stop crying right now.",sad
I am unhappy and feel completely alone these days,sad
Right now I can not stand this nonsense anymore this week,angry
Today I feel down and discouraged these days.,sad
"Well, I feel very sad and disappointed this week.",sad
"Well, I feel terrible and so lonely right now.",sad
Life is beautiful and I am so glad.,happy
Today I don't know how I feel about this right now.,neutral
Lately I feel very sad and disappointed at the moment,sad
Lately I am livid about this unfair decision at the moment,angry
Lately I feel gloomy and tired of everything again,sad
"Right now, I failed the exam and I feel hopeless right now",sad
Today life is beautiful and I am so glad these days.,happy
Right now I feel terrible and so lonely these days,sad
"Well, I am sick of being ignored and I am annoyed.",angry
"Lately stop shouting at me, I am very irritated",angry
"You know, I am extremely angry at their behaviour",angry
"You know, I am so proud of what we achieved right now",happy
Today I am thrilled with how things turned out again,happy
"Honestly, stop shouting at me, I am very irritated.",angry
"Honestly, the train arrives at platform number three",neutral
"Honestly, I am sad that the holidays are over this week",sad
"Right now, I feel wonderful and full of joy at the moment.",happy
"Right now, how dare you speak to me like that at the moment",angry
"Right now, I am sad that the holidays are over.",sad
"Honestly, I feel very sad and disappointed.",sad
Right now I am sick of being ignored and I am annoyed this week.,angry
Today I am fed up with all these excuses,angry
I walked to the office this morning again.,neutral
"Well, it hurts so much, I just want to cry these days.",sad
Right now the class has thirty students at the moment.,neutral
Right now I am grieving and cannot stop crying at the moment.,sad
"Right now, I am grieving and cannot stop crying at the moment",sad
"Honestly, I am so happy today.",happy
Today this is the best day of my life.,happy
Lately I don't know how I feel about this again.,neutral
Right now I hate being treated this badly this week,angry
"You know, I am sad that the holidays are over this week.",sad
"You know, I despise the way they cheated us at the moment.",angry
"You know, I feel down and discouraged.",sad
Right now we will discuss the project plan tomorrow these days,neutral
Lately I feel empty and sorrowful at the moment.,sad
Today I am really angry because you lied to me again.,angry
"Well, I am extremely happy because I got excellent results at the moment",happy
Right now I am enraged that nobody listened right now,angry
"I hate this, it makes me furious.",angry
Right now I am depressed and nothing feels good.,sad
"Right now, that driver made me so angry right now.",angry
"You know, I feel wonderful and full of joy at the moment.",happy
"Honestly, I am extremely happy because I got excellent results right now",happy
"You know, this gift made me incredibly happy",happy
Today my heart feels heavy and I am very upset again,sad
"Honestly, I am overjoyed to see my friends again right now.",happy
"Well, I regret everything and feel so low.",sad
"Honestly, this is the best day of my life again.",happy
I love this wonderful experience right now.,happy
Right now I have a lecture on computer networks,neutral
Lately I am so happy today this week,happy
"Right now what a fantastic surprise, I love it.",happy
Right now I feel empty and sorrowful.,sad
"Honestly, I am heartbroken and crying.",sad
"Honestly, nobody called me and I feel abandoned.",sad
"Right now, today is Monday and I have a class at ten o'clock",neutral
I am sick of being ignored and I am annoyed again.,angry
I am sad that the holidays are over this week.,sad
"You know, we won the match and I am over the moon",happy
I am heartbroken and crying right now.,sad
Today the class has thirty students,neutral
Today I am extremely happy because I got excellent results,happy
Today I can not stand this nonsense anymore this week.,angry
Lately the library opens at nine in the morning.,neutral
I am depressed and nothing feels good these days.,sad
Right now that news made me really excited this week.,happy
"Honestly, it hurts so much, I just want to cry right now.",sad
I am sick of being ignored and I am annoyed right now,angry
"Well, I am so proud of what we achieved.",happy
"Well, I miss my family and feel miserable this week",sad
"Well, the library opens at nine in the morning",neutral
Lately I am unhappy and feel completely alone again.,sad
"Right now, I love this wonderful experience",happy
"You know, I feel sorrow and pain today.",sad
The weather report says it is cloudy these days,neutral
Lately I am angry that you broke your promise at the moment,angry
"You know, I am extremely angry at their behaviour right now.",angry
"Right now, I am enraged that nobody listened again.",angry
Today I walked to the office this morning.,neutral
Today I am extremely angry at their behaviour,angry
"It hurts so much, I just want to cry",sad
"You know, that news made me really excited.",happy
"Honestly, I hate being treated this badly these days",angry
Right now the report contains five sections at the moment,neutral
"Right now, this is unacceptable and I am so mad right now",angry
"Right now, I am disappointed with my poor results these days.",sad
"You know, I can not stand this nonsense anymore these days",angry
"Well, I am so happy today.",happy
I feel wonderful and full of joy right now.,happy
Today I am outraged by the rude service this week,angry
"Right now, this is the best day of my life this week.",happy
Right now the train arrives at platform number three again.,neutral
I am grieving and cannot stop crying these days,sad
Right now this is ridiculous and I am really mad again,angry
Right now I feel down and discouraged,sad
Today I feel cheerful and full of energy again,happy
Right now I feel sorrow and pain today.,sad
Right now I feel very sad and disappointed,sad
"Honestly, I am going to the market to buy vegetables again.",neutral
Lately I have a lecture on computer networks.,neutral
Today I feel terrible and so lonely these days.,sad
"Lately it hurts so much, I just want to cry this week",sad
I miss my family and feel miserable again.,sad
"Lately stop shouting at me, I am very irritated this week.",angry
I had a great time and I am very happy right now,happy
Today I usually have lunch at one o'clock this week.,neutral
"Honestly, you broke my phone and I am furious these days",angry
"You know, the library opens at nine in the morning right now",neutral
I am disappointed with my poor results this week.,sad
Today this is so depressing and I feel awful.,sad
"Honestly, I am extremely angry at their behaviour these days",angry
Lately that news made me really excited these days.,happy
"You know, I am livid about this unfair decision again.",angry
"Well, I am extremely angry at their behaviour these days",angry
"Well, I am thrilled with how things turned out these days.",happy
Today I am extremely happy because I got excellent results.,happy
Lately the package should arrive on Wednesday at the moment,neutral
"Honestly, I am extremely happy because I got excellent results these days",happy
"Well, I feel wonderful and full of joy these days",happy
"Honestly, I am so proud of what we achieved at the moment",happy
Today I am so proud of what we achieved right now.,happy
Lately I am so excited about the trip right now,happy
Right now I am really angry because you lied to me right now.,angry
Right now I usually have lunch at one o'clock.,neutral
"Honestly, today is Monday and I have a class at ten o'clock",neutral
Lately I will drink some tea and read a book this week,neutral
Lately I am sick of being ignored and I am annoyed this week.,angry
"Well, the train arrives at platform number three this week.",neutral
"Well, I hate being treated this badly this week",angry
"You know, I am sad that the holidays are over at the moment.",sad
"Right now, I despise the way they cheated us this week.",angry
Lately I miss my family and feel miserable right now.,sad
The meeting is scheduled for the afternoon,neutral
I am really angry because you lied to me right now.,angry
"Right now, I hate being treated this badly right now",angry
Today I feel lucky and blessed again,happy
Today the train arrives at platform number three again,neutral
"You know, this is ridiculous and I am really mad",angry
"Well, I am updating the document right now this week",neutral
"Honestly, I am disappointed with my poor results",sad
"You know, the package should arrive on Wednesday",neutral
Right now I am overjoyed to see my friends again this week.,happy
"You know, I am unhappy and feel completely alone this week.",sad
Lately I feel gloomy and tired of everything at the moment.,sad
"Right now, I feel cheerful and full of energy again.",happy
"Right now, I am so frustrated and angry with this delay these days.",angry
Today I miss my family and feel miserable this week.,sad
"Well, I am extremely happy because I got excellent results this week.",happy
"Well, I am extremely angry at their behaviour this week",angry
I feel gloomy and tired of everything,sad
"You know, the library opens at nine in the morning at the moment.",neutral
Lately I am so frustrated and angry with this delay.,angry
"Right now, I walked to the office this morning again",neutral
"You know, I am thrilled with how things turned out.",happy
Lately I had a great time and I am very happy,happy
"Well, today is Monday and I have a class at ten o'clock",neutral
Today my heart feels heavy and I am very upset,sad
I hate being treated this badly right now.,angry
"Well, I feel cheerful and full of energy again.",happy
"Well, what a fantastic surprise, I love it this week",happy
"You know, I need to submit the assignment by Friday again",neutral
"Honestly, everything feels amazing and I am smiling all day",happy
Lately how dare you speak to me like that again,angry
Right now life is beautiful and I am so glad right now.,happy
Lately I am extremely happy because I got excellent results.,happy
"Right now, I am extremely happy because I got excellent results this week",happy
"Honestly, I feel sorrow and pain today right now",sad
Lately I feel very sad and disappointed,sad
Lately I hate being treated this badly at the moment,angry
"You know, we won the match and I am over the moon at the moment.",happy
"Right now, we won the match and I am over the moon at the moment.",happy
I am enraged that nobody listened at the moment,angry
Today I am outraged by the rude service.,angry
Lately I need to submit the assignment by Friday this week.,neutral
"Honestly, we will discuss the project plan tomorrow.",neutral
Right now the weather report says it is cloudy at the moment,neutral
Today I feel delighted and grateful this week.,happy
I am reading a chapter about history,neutral
"You know, I don't know how I feel about this these days",neutral
Today I feel lucky and blessed these days.,happy
Today how dare you speak to me like that these days.,angry
"You know, the weather report says it is cloudy right now.",neutral
"You know, I am not sure what to think about it.",neutral
"You know, I am really angry because you lied to me at the moment",angry
Today I hate being treated this badly right now,angry
Right now you broke my phone and I am furious.,angry
"You know, I don't know how I feel about this at the moment",neutral
I have a lecture on computer networks these days,neutral
I am really angry because you lied to me at the moment,angry
I am reading a chapter about history again,neutral
"Right now, stop shouting at me, I am very irritated",angry
Lately how dare you speak to me like that right now.,angry
"Honestly, I don't know how I feel about this these days.",neutral
"You know, everything feels amazing and I am smiling all day this week.",happy
"You know, I am going to the market to buy vegetables again",neutral
"Honestly, this is so depressing and I feel awful at the moment",sad
"Well, I am overjoyed to see my friends again right now",happy
How dare you speak to me like that again,angry
"Well, the weather report says it is cloudy at the moment",neutral
Today how dare you speak to me like that.,angry
"Well, I am so excited about the trip this week.",happy
I regret everything and feel so low again,sad
Today this is the best day of my life these days,happy
"Honestly, everything feels amazing and I am smiling all day at the moment.",happy
Today this is ridiculous and I am really mad this week.,angry
Right now I am sad that the holidays are over right now,sad
"Well, the meeting is scheduled for the afternoon.",neutral
"Well, I hate this, it makes me furious at the moment",angry
Lately I am outraged by the rude service right now.,angry
"Honestly, nobody called me and I feel abandoned right now",sad
Today I lost my best friend and I am devastated at the moment.,sad
Lately I feel cheerful and full of energy again,happy
"Well, the meeting is scheduled for the afternoon again.",neutral
"Right now, I will drink some tea and read a book right now",neutral
"You know, I am overjoyed to see my friends again",happy
"Well, the weather report says it is cloudy these days",neutral
"Stop shouting at me, I am very irritated this week.",angry
"Right now, I feel sorrow and pain today these days",sad
"Right now, I feel gloomy and tired of everything right now.",sad
Today I have a lecture on computer networks these days.,neutral
Right now how dare you speak to me like that,angry
Today I am livid about this unfair decision again.,angry
"Honestly, I feel lucky and blessed.",happy
Lately I need to submit the assignment by Friday right now.,neutral
Lately how dare you speak to me like that this week,angry
Right now how dare you speak to me like that these days.,angry
"Well, I hate this, it makes me furious this week",angry
Right now the library opens at nine in the morning,neutral
"Honestly, this is the best day of my life right now.",happy
Today this is the best day of my life,happy
Right now that news made me really excited at the moment,happy
"Honestly, that news made me really excited right now.",happy
I feel wonderful and full of joy.,happy
"Today it hurts so much, I just want to cry right now",sad
Right now I failed the exam and I feel hopeless.,sad
Right now I am going to the market to buy vegetables this week.,neutral
"Well, I hate this, it makes me furious these days.",angry
"Honestly, I feel empty and sorrowful this week.",sad
I regret everything and feel so low at the moment.,sad
"Right now, I need to submit the assignment by Friday",neutral
Right now I have a lecture on computer networks again,neutral
"Right now, I feel very sad and disappointed this week.",sad
Right now the meeting is scheduled for the afternoon at the moment.,neutral
"Lately what a fantastic surprise, I love it again.",happy
Lately I am livid about this unfair decision,angry
"You know, this is unacceptable and I am so mad",angry
"Well, the library opens at nine in the morning this week",neutral
Lately that driver made me so angry.,angry
Lately I will drink some tea and read a book,neutral
I am grieving and cannot stop crying again.,sad
"Well, I don't know how I feel about this again.",neutral
Right now I am enraged that nobody listened again.,angry
Lately I am thrilled with how things turned out again.,happy
"Today stop shouting at me, I am very irritated",angry
"Honestly, I can not stand this nonsense anymore these days",angry
"Well, my heart feels heavy and I am very upset.",sad
Today this is unacceptable and I am so mad.,angry
"Honestly, I miss my family and feel miserable again.",sad
"Honestly, I feel delighted and grateful these days",happy
"Well, what a fantastic surprise, I love it.",happy
Lately everything feels amazing and I am smiling all day these days,happy
"Well, I feel down and discouraged",sad
I feel empty and sorrowful again.,sad
"Right now, I am really angry because you lied to me.",angry
"You know, I am enraged that nobody listened right now.",angry
I love this wonderful experience these days.,happy
"Honestly, I am disappointed with my poor results these days",sad
"Right now, I am sick of being ignored and I am annoyed.",angry
Lately I feel sorrow and pain today,sad
"You know, I am so frustrated and angry with this delay this week",angry
Lately I despise the way they cheated us at the moment.,angry
"You know, that news made me really excited right now.",happy
The train arrives at platform number three right now,neutral
"You know, the shop is next to the bus stop",neutral
"Honestly, I failed the exam and I feel hopeless at the moment.",sad
Today I feel empty and sorrowful again.,sad
"You know, I am really pleased with my results these days.",happy
I love this wonderful experience at the moment,happy
Lately I feel cheerful and full of energy these days,happy
"You know, I need to submit the assignment by Friday right now",neutral
"Right now, I am outraged by the rude service again.",angry
Lately I am depressed and nothing feels good,sad
Today I failed the exam and I feel hopeless again.,sad
"Well, we won the match and I am over the moon again.",happy
"Right now, I usually have lunch at one o'clock these days",neutral
"Well, I have a lecture on computer networks at the moment.",neutral
Lately the train arrives at platform number three.,neutral
"You know, we won the match and I am over the moon these days.",happy
"Well, I am outraged by the rude service this week.",angry
"Honestly, I am updating the document right now again",neutral
"Right now, I can not stand this nonsense anymore at the moment",angry
Right now this is so depressing and I feel awful,sad
"You know, I feel lucky and blessed these days",happy
"Well, I am so frustrated and angry with this delay this week",angry
I am going to the market to buy vegetables again,neutral
"Right now, I am really pleased with my results at the moment.",happy
Right now I am not sure what to think about it at the moment.,neutral
Right now the shop is next to the bus stop this week.,neutral
"You know, we won the match and I am over the moon right now.",happy
"Right now what a fantastic surprise, I love it again.",happy
Everything feels amazing and I am smiling all day,happy
"Honestly, the package should arrive on Wednesday right now",neutral
Lately I feel terrible and so lonely again.,sad
Right now I feel down and discouraged this week,sad
Right now this is ridiculous and I am really mad.,angry
"Well, I am depressed and nothing feels good these days.",sad
"Right now, I feel wonderful and full of joy",happy
Lately I hate being treated this badly these days,angry
Lately I am overjoyed to see my friends again these days,happy
"Well, stop shouting at me, I am very irritated.",angry
Right now my heart feels heavy and I am very upset,sad
Right now I feel very sad and disappointed again.,sad
You broke my phone and I am furious right now,angry
"Right now, I am going to the market to buy vegetables again.",neutral
"Right now what a fantastic surprise, I love it this week",happy
"Well, I am updating the document right now at the moment",neutral
"Honestly, I need to submit the assignment by Friday at the moment.",neutral
"Honestly, I am enraged that nobody listened at the moment.",angry
Right now I am updating the document right now,neutral
I walked to the office this morning,neutral
"Right now, I lost my best friend and I am devastated again.",sad
"Well, I feel lucky and blessed these days",happy
Lately I feel delighted and grateful at the moment.,happy
"Well, I am disappointed with my poor results at the moment.",sad
"You know, I don't know how I feel about this",neutral
I don't know how I feel about this again.,neutral
I don't know how I feel about this this week,neutral
"Well, I am so proud of what we achieved",happy
"Right now, the class has thirty students right now.",neutral
"Well, this is ridiculous and I am really mad at the moment.",angry
"You know, today is Monday and I have a class at ten o'clock this week.",neutral
Lately I miss my family and feel miserable,sad
Today I don't know how I feel about this this week.,neutral
This is unacceptable and I am so mad these days,angry
"Well, this is the best day of my life this week",happy
"Well, the library opens at nine in the morning.",neutral
Today I lost my best friend and I am devastated.,sad
"Right now, today is Monday and I have a class at ten o'clock this week.",neutral
Right now I failed the exam and I feel hopeless these days.,sad
Today I am disappointed with my poor results these days.,sad
Today that driver made me so angry,angry
"You know, it hurts so much, I just want to cry.",sad
"Right now, I am unhappy and feel completely alone this week",sad
"Honestly, I usually have lunch at one o'clock at the moment.",neutral
"You know, I can not stand this nonsense anymore.",angry
"Honestly, that news made me really excited these days.",happy
"You know, I am thrilled with how things turned out these days.",happy
"You know, the package should arrive on Wednesday at the moment",neutral
"Right now, the class has thirty students at the moment",neutral
"Right now, I hate this, it makes me furious right now.",angry
Today is Monday and I have a class at ten o'clock right now.,neutral
Lately nobody called me and I feel abandoned,sad
Today I feel terrible and so lonely again,sad
"Right now, I hate being treated this badly at the moment.",angry
"Today it hurts so much, I just want to cry this week.",sad
"Well, I will drink some tea and read a book at the moment",neutral
Life is beautiful and I am so glad again,happy
"Well, the meeting is scheduled for the afternoon these days.",neutral
"You know, we will discuss the project plan tomorrow.",neutral
The package should arrive on Wednesday at the moment.,neutral
Lately we won the match and I am over the moon again,happy
Right now I am updating the document right now right now,neutral
Today I can not stand this nonsense anymore at the moment.,angry
"Well, this gift made me incredibly happy these days",happy
"Honestly, I will drink some tea and read a book again.",neutral
"You know, we will discuss the project plan tomorrow",neutral
"You know, I don't know how I feel about this again.",neutral
Right now I am going to the market to buy vegetables.,neutral
